[{"key": "Attacker Offering = Service", "region": "cluster 18", "subregion": "Reconnaissance", "value": 1}, {"key": "Attacker Offering = Unknown", "region": "cluster 22", "subregion": "Reconnaissance", "value": 1}, {"key": "Attacker Offering = Unknown", "region": "cluster 18", "subregion": "Reconnaissance", "value": 1}, {"key": "URL Label = nan", "region": "cluster 21", "subregion": "Malware", "value": 1}, {"key": "Urgency of the attack email = 0", "region": "cluster 8", "subregion": "Credential Phishing", "value": 1}, {"key": "Attacker Relationship = friend of friend", "region": "cluster 15", "subregion": "Social Engineering", "value": 1}, {"key": "URL Label = bad", "region": "cluster 1", "subregion": "Malware", "value": 1}, {"key": "Urgency of the attack email = 1", "region": "cluster 15", "subregion": "Credential Phishing", "value": 5}, {"key": "Attacker Relationship = unknown", "region": "cluster 20", "subregion": "Social Engineering", "value": 2}, {"key": "Attacker Offering = Unknown", "region": "cluster 16", "subregion": "Reconnaissance", "value": 2}, {"key": "Attacker Relationship = friend of friend", "region": "cluster 8", "subregion": "Social Engineering", "value": 1}, {"key": "Urgency of the attack email = 1", "region": "cluster 16", "subregion": "Credential Phishing", "value": 5}, {"key": "Attacker Relationship = unknown", "region": "cluster 15", "subregion": "Social Engineering", "value": 1}, {"key": "URL Label = bad", "region": "cluster 11", "subregion": "Malware", "value": 2}, {"key": "Attacker Offering = Service", "region": "cluster 16", "subregion": "Reconnaissance", "value": 1}, {"key": "Attacker Relationship = unknown", "region": "cluster 7", "subregion": "Social Engineering", "value": 2}, {"key": "Attacker Relationship = friend of friend", "region": "cluster 10", "subregion": "Social Engineering", "value": 2}, {"key": "URL Label = nan", "region": "cluster 12", "subregion": "Malware", "value": 3}, {"key": "Attacker Offering = Money", "region": "cluster 21", "subregion": "Reconnaissance", "value": 2}, {"key": "URL Label = bad", "region": "cluster 21", "subregion": "Malware", "value": 1}, {"key": "Attacker Offering = Unknown", "region": "cluster 2", "subregion": "Reconnaissance", "value": 9}, {"key": "Urgency of the attack email = 1", "region": "cluster 5", "subregion": "Credential Phishing", "value": 2}, {"key": "Attacker Offering = Money", "region": "cluster 20", "subregion": "Reconnaissance", "value": 5}, {"key": "URL Label = bad", "region": "cluster 4", "subregion": "Malware", "value": 3}, {"key": "Attacker Relationship = friend of friend", "region": "cluster 12", "subregion": "Social Engineering", "value": 6}, {"key": "Attacker Relationship = friend of friend", "region": "cluster 3", "subregion": "Social Engineering", "value": 7}, {"key": "Urgency of the attack email = 0", "region": "cluster 5", "subregion": "Credential Phishing", "value": 1}, {"key": "Urgency of the attack email = 0", "region": "cluster 6", "subregion": "Credential Phishing", "value": 4}, {"key": "Attacker Offering = Unknown", "region": "cluster 20", "subregion": "Reconnaissance", "value": 1}, {"key": "URL Label = bad", "region": "cluster 10", "subregion": "Malware", "value": 5}, {"key": "Attacker Relationship = unknown", "region": "cluster 6", "subregion": "Social Engineering", "value": 7}, {"key": "Urgency of the attack email = 0", "region": "cluster 9", "subregion": "Credential Phishing", "value": 4}, {"key": "Urgency of the attack email = 0", "region": "cluster 11", "subregion": "Credential Phishing", "value": 8}, {"key": "URL Label = nan", "region": "cluster 22", "subregion": "Malware", "value": 7}, {"key": "Attacker Offering = Service", "region": "cluster 15", "subregion": "Reconnaissance", "value": 3}, {"key": "Attacker Offering = Unknown", "region": "cluster 1", "subregion": "Reconnaissance", "value": 9}, {"key": "Attacker Offering = Unknown", "region": "cluster 14", "subregion": "Reconnaissance", "value": 12}, {"key": "Attacker Offering = Unknown", "region": "cluster 15", "subregion": "Reconnaissance", "value": 3}, {"key": "Urgency of the attack email = 0", "region": "cluster 13", "subregion": "Credential Phishing", "value": 12}, {"key": "Urgency of the attack email = 0", "region": "cluster 7", "subregion": "Credential Phishing", "value": 1}, {"key": "Attacker Offering = Service", "region": "cluster 6", "subregion": "Reconnaissance", "value": 15}, {"key": "Attacker Offering = Money", "region": "cluster 0", "subregion": "Reconnaissance", "value": 1}, {"key": "URL Label = bad", "region": "cluster 0", "subregion": "Malware", "value": 1}, {"key": "Urgency of the attack email = 0", "region": "cluster 4", "subregion": "Credential Phishing", "value": 8}, {"key": "Attacker Offering = Unknown", "region": "cluster 10", "subregion": "Reconnaissance", "value": 23}, {"key": "Attacker Offering = Unknown", "region": "cluster 12", "subregion": "Reconnaissance", "value": 2}, {"key": "Attacker Offering = Service", "region": "cluster 10", "subregion": "Reconnaissance", "value": 6}, {"key": "Attacker Relationship = unknown", "region": "cluster 19", "subregion": "Social Engineering", "value": 1}, {"key": "Urgency of the attack email = 1", "region": "cluster 20", "subregion": "Credential Phishing", "value": 2}, {"key": "Urgency of the attack email = 1", "region": "cluster 14", "subregion": "Credential Phishing", "value": 29}, {"key": "Urgency of the attack email = 1", "region": "cluster 6", "subregion": "Credential Phishing", "value": 19}, {"key": "Attacker Offering = Unknown", "region": "cluster 13", "subregion": "Reconnaissance", "value": 13}, {"key": "Attacker Relationship = stranger", "region": "cluster 19", "subregion": "Social Engineering", "value": 5}, {"key": "Urgency of the attack email = 2", "region": "cluster 19", "subregion": "Credential Phishing", "value": 6}, {"key": "Attacker Relationship = friend of friend", "region": "cluster 16", "subregion": "Social Engineering", "value": 3}, {"key": "URL Label = nan", "region": "cluster 16", "subregion": "Malware", "value": 1}, {"key": "Attacker Relationship = friend of friend", "region": "cluster 14", "subregion": "Social Engineering", "value": 6}, {"key": "URL Label = good", "region": "cluster 6", "subregion": "Malware", "value": 18}, {"key": "Attacker Offering = Service", "region": "cluster 20", "subregion": "Reconnaissance", "value": 1}, {"key": "Urgency of the attack email = 2", "region": "cluster 20", "subregion": "Credential Phishing", "value": 12}, {"key": "Urgency of the attack email = 0", "region": "cluster 12", "subregion": "Credential Phishing", "value": 1}, {"key": "Attacker Offering = Unknown", "region": "cluster 8", "subregion": "Reconnaissance", "value": 14}, {"key": "Attacker Relationship = stranger", "region": "cluster 20", "subregion": "Social Engineering", "value": 16}, {"key": "Attacker Offering = Unknown", "region": "cluster 6", "subregion": "Reconnaissance", "value": 22}, {"key": "Attacker Offering = Service", "region": "cluster 3", "subregion": "Reconnaissance", "value": 22}, {"key": "Attacker Offering = Service", "region": "cluster 12", "subregion": "Reconnaissance", "value": 10}, {"key": "Attacker Offering = Unknown", "region": "cluster 17", "subregion": "Reconnaissance", "value": 9}, {"key": "URL Label = bad", "region": "cluster 8", "subregion": "Malware", "value": 2}, {"key": "Attacker Offering = Unknown", "region": "cluster 5", "subregion": "Reconnaissance", "value": 3}, {"key": "URL Label = good", "region": "cluster 12", "subregion": "Malware", "value": 4}, {"key": "Urgency of the attack email = 2", "region": "cluster 16", "subregion": "Credential Phishing", "value": 16}, {"key": "URL Label = good", "region": "cluster 1", "subregion": "Malware", "value": 12}, {"key": "Attacker Offering = Unknown", "region": "cluster 7", "subregion": "Reconnaissance", "value": 12}, {"key": "Urgency of the attack email = 1", "region": "cluster 12", "subregion": "Credential Phishing", "value": 23}, {"key": "Attacker Offering = Service", "region": "cluster 5", "subregion": "Reconnaissance", "value": 1}, {"key": "Attacker Relationship = unknown", "region": "cluster 17", "subregion": "Social Engineering", "value": 7}, {"key": "Attacker Relationship = friend of friend", "region": "cluster 4", "subregion": "Social Engineering", "value": 6}, {"key": "Attacker Relationship = unknown", "region": "cluster 5", "subregion": "Social Engineering", "value": 1}, {"key": "Attacker Offering = Service", "region": "cluster 7", "subregion": "Reconnaissance", "value": 8}, {"key": "Attacker Offering = Service", "region": "cluster 17", "subregion": "Reconnaissance", "value": 10}, {"key": "Attacker Relationship = unknown", "region": "cluster 13", "subregion": "Social Engineering", "value": 13}, {"key": "Urgency of the attack email = 2", "region": "cluster 18", "subregion": "Credential Phishing", "value": 1}, {"key": "Attacker Offering = Service", "region": "cluster 9", "subregion": "Reconnaissance", "value": 7}, {"key": "Attacker Relationship = friend of friend", "region": "cluster 17", "subregion": "Social Engineering", "value": 3}, {"key": "URL Label = bad", "region": "cluster 17", "subregion": "Malware", "value": 8}, {"key": "Attacker Offering = Service", "region": "cluster 2", "subregion": "Reconnaissance", "value": 14}, {"key": "Urgency of the attack email = 0", "region": "cluster 2", "subregion": "Credential Phishing", "value": 9}, {"key": "Urgency of the attack email = 1", "region": "cluster 9", "subregion": "Credential Phishing", "value": 9}, {"key": "Attacker Offering = Unknown", "region": "cluster 3", "subregion": "Reconnaissance", "value": 18}, {"key": "URL Label = bad", "region": "cluster 22", "subregion": "Malware", "value": 2}, {"key": "Urgency of the attack email = 2", "region": "cluster 22", "subregion": "Credential Phishing", "value": 4}, {"key": "Attacker Relationship = stranger", "region": "cluster 18", "subregion": "Social Engineering", "value": 4}, {"key": "Attacker Offering = Unknown", "region": "cluster 4", "subregion": "Reconnaissance", "value": 8}, {"key": "Urgency of the attack email = 0", "region": "cluster 3", "subregion": "Credential Phishing", "value": 7}, {"key": "Attacker Relationship = friend of friend", "region": "cluster 13", "subregion": "Social Engineering", "value": 8}, {"key": "Attacker Relationship = unknown", "region": "cluster 12", "subregion": "Social Engineering", "value": 17}, {"key": "Attacker Offering = Service", "region": "cluster 14", "subregion": "Reconnaissance", "value": 11}, {"key": "URL Label = bad", "region": "cluster 14", "subregion": "Malware", "value": 6}, {"key": "Attacker Relationship = unknown", "region": "cluster 14", "subregion": "Social Engineering", "value": 12}, {"key": "Attacker Relationship = friend of friend", "region": "cluster 9", "subregion": "Social Engineering", "value": 1}, {"key": "URL Label = bad", "region": "cluster 9", "subregion": "Malware", "value": 3}, {"key": "Urgency of the attack email = 2", "region": "cluster 4", "subregion": "Credential Phishing", "value": 36}, {"key": "Attacker Relationship = unknown", "region": "cluster 16", "subregion": "Social Engineering", "value": 14}, {"key": "Attacker Relationship = unknown", "region": "cluster 8", "subregion": "Social Engineering", "value": 5}, {"key": "Attacker Relationship = friend of friend", "region": "cluster 7", "subregion": "Social Engineering", "value": 2}, {"key": "URL Label = bad", "region": "cluster 7", "subregion": "Malware", "value": 8}, {"key": "URL Label = nan", "region": "cluster 18", "subregion": "Malware", "value": 12}, {"key": "Attacker Offering = Money", "region": "cluster 12", "subregion": "Reconnaissance", "value": 41}, {"key": "URL Label = good", "region": "cluster 10", "subregion": "Malware", "value": 16}, {"key": "Urgency of the attack email = 2", "region": "cluster 7", "subregion": "Credential Phishing", "value": 8}, {"key": "Attacker Offering = Service", "region": "cluster 8", "subregion": "Reconnaissance", "value": 9}, {"key": "URL Label = bad", "region": "cluster 6", "subregion": "Malware", "value": 5}, {"key": "Urgency of the attack email = 2", "region": "cluster 12", "subregion": "Credential Phishing", "value": 35}, {"key": "Attacker Offering = Service", "region": "cluster 13", "subregion": "Reconnaissance", "value": 23}, {"key": "Attacker Relationship = stranger", "region": "cluster 6", "subregion": "Social Engineering", "value": 62}, {"key": "Attacker Offering = Service", "region": "cluster 11", "subregion": "Reconnaissance", "value": 20}, {"key": "URL Label = good", "region": "cluster 2", "subregion": "Malware", "value": 39}, {"key": "Urgency of the attack email = 2", "region": "cluster 14", "subregion": "Credential Phishing", "value": 35}, {"key": "URL Label = good", "region": "cluster 13", "subregion": "Malware", "value": 47}, {"key": "Attacker Offering = Unknown", "region": "cluster 9", "subregion": "Reconnaissance", "value": 11}, {"key": "Attacker Relationship = stranger", "region": "cluster 9", "subregion": "Social Engineering", "value": 51}, {"key": "Attacker Offering = Service", "region": "cluster 1", "subregion": "Reconnaissance", "value": 17}, {"key": "Attacker Relationship = unknown", "region": "cluster 10", "subregion": "Social Engineering", "value": 12}, {"key": "Attacker Relationship = unknown", "region": "cluster 2", "subregion": "Social Engineering", "value": 17}, {"key": "Attacker Relationship = stranger", "region": "cluster 15", "subregion": "Social Engineering", "value": 14}, {"key": "Attacker Relationship = stranger", "region": "cluster 5", "subregion": "Social Engineering", "value": 6}, {"key": "URL Label = bad", "region": "cluster 5", "subregion": "Malware", "value": 18}, {"key": "Urgency of the attack email = 1", "region": "cluster 17", "subregion": "Credential Phishing", "value": 16}, {"key": "URL Label = bad", "region": "cluster 15", "subregion": "Malware", "value": 13}, {"key": "Urgency of the attack email = 2", "region": "cluster 15", "subregion": "Credential Phishing", "value": 3}, {"key": "Attacker Offering = Money", "region": "cluster 18", "subregion": "Reconnaissance", "value": 23}, {"key": "Urgency of the attack email = 2", "region": "cluster 13", "subregion": "Credential Phishing", "value": 40}, {"key": "URL Label = good", "region": "cluster 14", "subregion": "Malware", "value": 19}, {"key": "Urgency of the attack email = 2", "region": "cluster 3", "subregion": "Credential Phishing", "value": 46}, {"key": "URL Label = nan", "region": "cluster 8", "subregion": "Malware", "value": 37}, {"key": "Urgency of the attack email = 1", "region": "cluster 7", "subregion": "Credential Phishing", "value": 13}, {"key": "Urgency of the attack email = 2", "region": "cluster 9", "subregion": "Credential Phishing", "value": 25}, {"key": "Attacker Relationship = stranger", "region": "cluster 14", "subregion": "Social Engineering", "value": 77}, {"key": "URL Label = bad", "region": "cluster 18", "subregion": "Malware", "value": 12}, {"key": "Urgency of the attack email = 1", "region": "cluster 4", "subregion": "Credential Phishing", "value": 23}, {"key": "Urgency of the attack email = 0", "region": "cluster 10", "subregion": "Credential Phishing", "value": 4}, {"key": "Attacker Relationship = unknown", "region": "cluster 11", "subregion": "Social Engineering", "value": 18}, {"key": "Attacker Relationship = stranger", "region": "cluster 4", "subregion": "Social Engineering", "value": 71}, {"key": "URL Label = good", "region": "cluster 4", "subregion": "Malware", "value": 41}, {"key": "URL Label = good", "region": "cluster 5", "subregion": "Malware", "value": 8}, {"key": "URL Label = nan", "region": "cluster 1", "subregion": "Malware", "value": 24}, {"key": "Attacker Relationship = unknown", "region": "cluster 3", "subregion": "Social Engineering", "value": 13}, {"key": "Urgency of the attack email = 1", "region": "cluster 8", "subregion": "Credential Phishing", "value": 19}, {"key": "Urgency of the attack email = 2", "region": "cluster 5", "subregion": "Credential Phishing", "value": 9}, {"key": "URL Label = bad", "region": "cluster 3", "subregion": "Malware", "value": 6}, {"key": "Urgency of the attack email = 1", "region": "cluster 3", "subregion": "Credential Phishing", "value": 46}, {"key": "Attacker Offering = Money", "region": "cluster 6", "subregion": "Reconnaissance", "value": 87}, {"key": "Attacker Relationship = friend of friend", "region": "cluster 6", "subregion": "Social Engineering", "value": 4}, {"key": "Attacker Relationship = stranger", "region": "cluster 17", "subregion": "Social Engineering", "value": 46}, {"key": "Urgency of the attack email = 2", "region": "cluster 11", "subregion": "Credential Phishing", "value": 54}, {"key": "URL Label = good", "region": "cluster 9", "subregion": "Malware", "value": 18}, {"key": "URL Label = bad", "region": "cluster 13", "subregion": "Malware", "value": 6}, {"key": "Urgency of the attack email = 1", "region": "cluster 13", "subregion": "Credential Phishing", "value": 34}, {"key": "Urgency of the attack email = 2", "region": "cluster 17", "subregion": "Credential Phishing", "value": 14}, {"key": "Attacker Offering = Money", "region": "cluster 5", "subregion": "Reconnaissance", "value": 36}, {"key": "URL Label = nan", "region": "cluster 5", "subregion": "Malware", "value": 21}, {"key": "URL Label = nan", "region": "cluster 17", "subregion": "Malware", "value": 35}, {"key": "URL Label = nan", "region": "cluster 15", "subregion": "Malware", "value": 25}, {"key": "Attacker Relationship = unknown", "region": "cluster 9", "subregion": "Social Engineering", "value": 8}, {"key": "URL Label = nan", "region": "cluster 9", "subregion": "Malware", "value": 60}, {"key": "Urgency of the attack email = 1", "region": "cluster 11", "subregion": "Credential Phishing", "value": 42}, {"key": "Urgency of the attack email = 2", "region": "cluster 8", "subregion": "Credential Phishing", "value": 20}, {"key": "Attacker Offering = Money", "region": "cluster 16", "subregion": "Reconnaissance", "value": 13}, {"key": "Attacker Relationship = stranger", "region": "cluster 16", "subregion": "Social Engineering", "value": 21}, {"key": "Attacker Relationship = stranger", "region": "cluster 13", "subregion": "Social Engineering", "value": 90}, {"key": "Attacker Offering = Unknown", "region": "cluster 11", "subregion": "Reconnaissance", "value": 21}, {"key": "URL Label = good", "region": "cluster 15", "subregion": "Malware", "value": 6}, {"key": "Attacker Offering = Money", "region": "cluster 7", "subregion": "Reconnaissance", "value": 79}, {"key": "URL Label = good", "region": "cluster 7", "subregion": "Malware", "value": 25}, {"key": "Urgency of the attack email = 2", "region": "cluster 10", "subregion": "Credential Phishing", "value": 33}, {"key": "URL Label = good", "region": "cluster 18", "subregion": "Malware", "value": 6}, {"key": "Attacker Offering = Money", "region": "cluster 8", "subregion": "Reconnaissance", "value": 95}, {"key": "Attacker Offering = Money", "region": "cluster 22", "subregion": "Reconnaissance", "value": 8}, {"key": "Attacker Relationship = stranger", "region": "cluster 22", "subregion": "Social Engineering", "value": 3}, {"key": "URL Label = good", "region": "cluster 22", "subregion": "Malware", "value": 1}, {"key": "Attacker Relationship = stranger", "region": "cluster 8", "subregion": "Social Engineering", "value": 46}, {"key": "URL Label = good", "region": "cluster 8", "subregion": "Malware", "value": 27}, {"key": "Attacker Offering = Money", "region": "cluster 9", "subregion": "Reconnaissance", "value": 111}, {"key": "URL Label = good", "region": "cluster 3", "subregion": "Malware", "value": 52}, {"key": "URL Label = good", "region": "cluster 11", "subregion": "Malware", "value": 50}, {"key": "Attacker Offering = Money", "region": "cluster 13", "subregion": "Reconnaissance", "value": 246}, {"key": "URL Label = nan", "region": "cluster 13", "subregion": "Malware", "value": 134}, {"key": "Attacker Relationship = stranger", "region": "cluster 12", "subregion": "Social Engineering", "value": 58}, {"key": "Attacker Offering = Service", "region": "cluster 4", "subregion": "Reconnaissance", "value": 17}, {"key": "Attacker Offering = Money", "region": "cluster 4", "subregion": "Reconnaissance", "value": 148}, {"key": "Attacker Relationship = unknown", "region": "cluster 4", "subregion": "Social Engineering", "value": 16}, {"key": "URL Label = nan", "region": "cluster 4", "subregion": "Malware", "value": 78}, {"key": "Attacker Offering = Money", "region": "cluster 14", "subregion": "Reconnaissance", "value": 112}, {"key": "Attacker Offering = Money", "region": "cluster 1", "subregion": "Reconnaissance", "value": 78}, {"key": "Attacker Relationship = friend of friend", "region": "cluster 1", "subregion": "Social Engineering", "value": 18}, {"key": "URL Label = nan", "region": "cluster 6", "subregion": "Malware", "value": 72}, {"key": "Urgency of the attack email = 2", "region": "cluster 6", "subregion": "Credential Phishing", "value": 22}, {"key": "Attacker Offering = Money", "region": "cluster 17", "subregion": "Reconnaissance", "value": 82}, {"key": "URL Label = good", "region": "cluster 17", "subregion": "Malware", "value": 28}, {"key": "Attacker Relationship = stranger", "region": "cluster 3", "subregion": "Social Engineering", "value": 143}, {"key": "Attacker Offering = Money", "region": "cluster 15", "subregion": "Reconnaissance", "value": 38}, {"key": "Urgency of the attack email = 0", "region": "cluster 15", "subregion": "Credential Phishing", "value": 1}, {"key": "Attacker Relationship = stranger", "region": "cluster 1", "subregion": "Social Engineering", "value": 115}, {"key": "Attacker Relationship = friend of friend", "region": "cluster 11", "subregion": "Social Engineering", "value": 15}, {"key": "Attacker Relationship = friend of friend", "region": "cluster 2", "subregion": "Social Engineering", "value": 28}, {"key": "URL Label = nan", "region": "cluster 2", "subregion": "Malware", "value": 53}, {"key": "Attacker Relationship = stranger", "region": "cluster 7", "subregion": "Social Engineering", "value": 34}, {"key": "URL Label = nan", "region": "cluster 7", "subregion": "Malware", "value": 41}, {"key": "Attacker Relationship = stranger", "region": "cluster 11", "subregion": "Social Engineering", "value": 212}, {"key": "Attacker Relationship = stranger", "region": "cluster 2", "subregion": "Social Engineering", "value": 194}, {"key": "Urgency of the attack email = 2", "region": "cluster 2", "subregion": "Credential Phishing", "value": 83}, {"key": "Attacker Offering = Money", "region": "cluster 2", "subregion": "Reconnaissance", "value": 191}, {"key": "Urgency of the attack email = 1", "region": "cluster 2", "subregion": "Credential Phishing", "value": 55}, {"key": "URL Label = nan", "region": "cluster 14", "subregion": "Malware", "value": 78}, {"key": "Attacker Offering = Money", "region": "cluster 3", "subregion": "Reconnaissance", "value": 277}, {"key": "Attacker Relationship = unknown", "region": "cluster 1", "subregion": "Social Engineering", "value": 34}, {"key": "URL Label = nan", "region": "cluster 3", "subregion": "Malware", "value": 121}, {"key": "URL Label = nan", "region": "cluster 11", "subregion": "Malware", "value": 93}, {"key": "Attacker Offering = Money", "region": "cluster 10", "subregion": "Reconnaissance", "value": 107}, {"key": "Attacker Relationship = stranger", "region": "cluster 10", "subregion": "Social Engineering", "value": 79}, {"key": "Urgency of the attack email = 1", "region": "cluster 10", "subregion": "Credential Phishing", "value": 29}, {"key": "URL Label = nan", "region": "cluster 10", "subregion": "Malware", "value": 67}, {"key": "Urgency of the attack email = 1", "region": "cluster 1", "subregion": "Credential Phishing", "value": 29}, {"key": "Urgency of the attack email = 2", "region": "cluster 1", "subregion": "Credential Phishing", "value": 63}, {"key": "Attacker Offering = Money", "region": "cluster 11", "subregion": "Reconnaissance", "value": 297}]